idUsuario;nombre;apellido1;apellido2;fechaNacimiento
1;nombre-1;apellido1-1;apellido2-1;29/10/2019
2;nombre-2;apellido1-2;apellido2-2;29/10/2019
3;nombre-3;apellido1-3;apellido2-3;29/10/2019
4;nombre-4;apellido1-4;apellido2-4;29/10/2019
5;nombre-5;apellido1-5;apellido2-5;29/10/2019
6;nombre-6;apellido1-6;apellido2-6;29/10/2019
7;nombre-7;apellido1-7;apellido2-7;29/10/2019
8;nombre-8;apellido1-8;apellido2-8;29/10/2019
9;nombre-9;apellido1-9;apellido2-9;29/10/2019
10;nombre-10;apellido1-10;apellido2-10;29/10/2019
